[
    {
        "name": "unsetmod",
        "description": "moderation",
        "usage": "No usage",
        "params": "",
        "aliases": [],
        "category": "moderation",
        "permissions": "manage_server"
    },
    {
        "name": "setmod",
        "description": "moderation",
        "usage": "No usage",
        "params": "",
        "aliases": [],
        "category": "moderation",
        "permissions": "manage_server"
    },
    {
        "name": "nuke",
        "description": "moderation",
        "usage": "No usage",
        "params": "",
        "aliases": [],
        "category": "moderation",
        "permissions": "manage_server"
    },
    {
        "name": "restore",
        "description": "moderation",
        "usage": "[member]",
        "params": "[member]",
        "aliases": [],
        "category": "moderation",
        "permissions": "manage_roles"
    },
    {
        "name": "nickname",
        "description": "moderation",
        "usage": "[member] <nickname>",
        "params": "[member] <nickname>",
        "aliases": [
            "setnick",
            "nick"
        ],
        "category": "moderation",
        "permissions": "manage_nicknames"
    },
    {
        "name": "hardban",
        "description": "donor",
        "usage": "[user]",
        "params": "[user]",
        "aliases": [],
        "category": "moderation",
        "permissions": "manage_server"
    },
    {
        "name": "hardunban",
        "description": "donor",
        "usage": "[user]",
        "params": "[user]",
        "aliases": [],
        "category": "moderation",
        "permissions": "manage_server"
    },
    {
        "name": "kick",
        "description": "moderation",
        "usage": "[member] <reason>",
        "params": "[member] <reason>",
        "aliases": [],
        "category": "moderation",
        "permissions": "kick_members"
    },
    {
        "name": "selfpurge",
        "description": "donor",
        "usage": "[amount]",
        "params": "[amount]",
        "aliases": [],
        "category": "moderation", 
        "permissions": "manage_messages"
    },
    {
        "name": "ban",
        "description": "moderation",
        "usage": "[member] <reason>",
        "params": "[member] <reason>",
        "aliases": [
            "kill"
        ],
        "category": "moderation",
        "permissions": "ban_members"
    },
    {
        "name": "mute",
        "description": "moderation",
        "usage": "[member] [time] <reason>",
        "params": "[member] [time] <reason>",
        "aliases": [
            "timeout",
            "stfu"
        ],
        "category": "moderation",
        "permissions": "manage_server"
    },
    {
        "name": "unban",
        "description": "moderation",
        "usage": "[member] [reason]",
        "params": "[member] [reason]",
        "aliases": [
            "free"
        ],
        "category": "moderation",
        "permissions": "ban_members"
    },
    {
        "name": "softban",
        "description": "moderation",
        "usage": "[member] [reason]",
        "params": "[member] [reason]",
        "aliases": [],
        "category": "moderation",
        "permissions": "ban_members"
    },
    {
        "name": "unmute",
        "description": "moderation",
        "usage": "[member] <reason>",
        "params": "[member] <reason>",
        "aliases": [
            "untimeout"
        ],
        "category": "moderation",
        "permissions": "manage_server"
    },
    {
        "name": "voicemute",
        "description": "moderation",
        "usage": "[member]",
        "params": "[member]",
        "aliases": [
            "vcmute"
        ],
        "category": "moderation",
        "permissions": "manage_server"
    },
    {
        "name": "voiceunmute",
        "description": "moderation",
        "usage": "[member]",
        "params": "[member]",
        "aliases": [
            "vcunmute"
        ],
        "category": "moderation",
        "permissions": "manage_server"
    },
    {
        "name": "clear",
        "description": "No description",
        "usage": "No usage",
        "params": "",
        "aliases": [
            "c"
        ],
        "category": "moderation",
        "permissions": "manage_messages"
    },
    {
        "name": "purge",
        "description": "moderation",
        "usage": "[messages]",
        "params": "[messages]",
        "aliases": [
            "p"
        ],
        "category": "moderation",
        "permissions": "manage_messages"
    },
    {
        "name": "botpurge",
        "description": "moderation",
        "usage": "No usage",
        "params": "[amount=50]",
        "aliases": [
            "bc",
            "botclear"
        ],
        "category": "moderation",
        "permissions": "manage_messages"
    },
    {
        "name": "strip",
        "description": "removes all staff roles from a member",
        "usage": "[member] [reason]",
        "params": "[member] [reason]",
        "aliases": [],
        "category": "moderation",
        "permissions": "manage_roles"
    },
    {
        "name": "warn",
        "description": "No description",
        "usage": "No usage",
        "params": "[member] [reason=No reason provided]",
        "aliases": [],
        "category": "moderation",
        "permissions": "manage_server"
    },
    {
        "name": "warns",
        "description": "moderation",
        "usage": "[member]",
        "params": "[member]",
        "aliases": [],
        "category": "moderation"
    },
    {
        "name": "jail",
        "description": "moderation",
        "usage": "[member]",
        "params": "[member]",
        "aliases": [],
        "category": "moderation",
        "permissions": "manage_members"
    },
    {
        "name": "unjail",
        "description": "moderation",
        "usage": "[member] [reason]",
        "params": "[member] [reason]",
        "aliases": [],
        "category": "moderation",
        "permissions": "manage_members"
    },
    {
        "name": "slowmode",
        "description": "moderation",
        "usage": "[seconds] <channel>",
        "params": "[seconds] <channel>",
        "aliases": [
            "sm"
        ],
        "category": "moderation",
        "permissions": "manage_server"
    },
    {
        "name": "lock",
        "description": "moderation",
        "usage": "<channel>",
        "params": "<channel>",
        "aliases": [],
        "category": "moderation",
        "permissions": "manage_server"
    },
    {
        "name": "unlock",
        "description": "moderation",
        "usage": "<channel>",
        "params": "<channel>",
        "aliases": [],
        "category": "moderation",
        "permissions": "manage_server"
    },
    {
        "name": "role",
        "description": "moderation",
        "usage": "No usage",
        "params": "[user] [role]",
        "aliases": [
            "r"
        ],
        "category": "moderation",
        "permissions": "manage_roles"
    },
    {
        "name": "forcenick",
        "description": "donor",
        "usage": "[member] [nickname]\nif none is passed as nickname, the force nickname gets removed",
        "params": "[member] [nickname]\nif none is passed as nickname, the force nickname gets removed",
        "aliases": [
            "fn"
        ],
        "category": "moderation",
        "permissions": "manage_nicknames"
    },
    {
        "name": "image",
        "description": "utility",
        "usage": "[query]",
        "params": "[query]",
        "aliases": [
            "img",
            "google"
        ],
        "category": "Utility"
    },
    {
        "name": "clearnames",
        "description": "utility",
        "usage": "No usage",
        "params": "",
        "aliases": [
            "clearnicknames"
        ],
        "category": "Utility"
    },
    {
        "name": "tiktok",
        "description": "utility",
        "usage": "No usage",
        "params": "<username>",
        "aliases": [],
        "category": "Utility"
    },
    {
        "name": "valorant",
        "description": "utility",
        "usage": "[username]\nexample: ;valorant aubs#1522",
        "params": "[username]\nexample: ;valorant aubs#1522",
        "aliases": [],
        "category": "Utility"
    },
    {
        "name": "clearsnipes",
        "description": "utility",
        "usage": "No usage",
        "params": "",
        "aliases": [
            "cs"
        ],
        "category": "Utility",
        "permissions": "manage_messages"
    },
    {
        "name": "pastusernames",
        "description": "utility",
        "usage": "<user>",
        "params": "<user>",
        "aliases": [
            "names",
            "usernames",
            "nh"
        ],
        "category": "Utility"
    },
    {
        "name": "uwuify",
        "description": "utility",
        "usage": "[message]",
        "params": "[message]",
        "aliases": [
            "uwu"
        ],
        "category": "Utility"
    },
    {
        "name": "screenshot",
        "description": "utility",
        "usage": "[link]",
        "params": "[link]",
        "aliases": [
            "ss"
        ],
        "category": "Utility"
    },
    {
        "name": "picperms",
        "description": "utility",
        "usage": "[member] <channel>",
        "params": "[member] <channel>",
        "aliases": [],
        "category": "Utility",
        "permissions": "manage_members"
    },
    {
        "name": "youtube",
        "description": "utility",
        "usage": "[query]",
        "params": "[query]",
        "aliases": [
            "yt"
        ],
        "category": "Utility"
    },
    {
        "name": "youtubetomp3",
        "description": "utility",
        "usage": "[video link]",
        "params": "[video link]",
        "aliases": [
            "yttomp3"
        ],
        "category": "Utility"
    },
    {
        "name": "twitter",
        "description": "utility",
        "usage": "[username]",
        "params": "[username]",
        "aliases": [],
        "category": "Utility"
    },
    {
        "name": "seen",
        "description": "utility",
        "usage": "[member]",
        "params": "[member]",
        "aliases": [],
        "category": "Utility"
    },
    {
        "name": "afk",
        "description": "utility",
        "usage": "<reason>",
        "params": "<reason>",
        "aliases": [],
        "category": "Utility"
    },
    {
        "name": "editsnipe",
        "description": "utility",
        "usage": "<number>",
        "params": "<number>",
        "aliases": [
            "es"
        ],
        "category": "Utility"
    },
    {
        "name": "reactionsnipe",
        "description": "utility",
        "usage": "number",
        "params": "number",
        "aliases": [
            "rs"
        ],
        "category": "Utility"
    },
    {
        "name": "snipe",
        "description": "utility",
        "usage": "<number>",
        "params": "<number>",
        "aliases": [
            "s"
        ],
        "category": "Utility"
    },
    {
        "name": "membercount",
        "description": "utility",
        "usage": "No usage",
        "params": "",
        "aliases": [
            "mc"
        ],
        "category": "Utility"
    },
    {
        "name": "avatar",
        "description": "utility",
        "usage": "<user>",
        "params": "<user>",
        "aliases": [
            "av"
        ],
        "category": "Utility"
    },
    {
        "name": "roleinfo",
        "description": "utility",
        "usage": "[role]",
        "params": "[role]",
        "aliases": [
            "ri"
        ],
        "category": "Utility"
    },
    {
        "name": "inrole",
        "description": "utility",
        "usage": "[role]",
        "params": "[role]",
        "aliases": [],
        "category": "Utility"
    },
    {
        "name": "audit",
        "description": "Shows the latest audit logs of the server with pagination.",
        "usage": "No usage",
        "params": "[limit=10]",
        "aliases": [],
        "category": "Utility",
        "permissions": "view_audit_log"
    },
    {
        "name": "joins",
        "description": "utility",
        "usage": "No usage",
        "params": "",
        "aliases": [],
        "category": "Utility"
    },
    {
        "name": "muted",
        "description": "utility",
        "usage": "No usage",
        "params": "",
        "aliases": [],
        "category": "Utility"
    },
    {
        "name": "bans",
        "description": "utility",
        "usage": "No usage",
        "params": "",
        "aliases": [],
        "category": "Utility"
    },
    {
        "name": "boosters",
        "description": "utility",
        "usage": "No usage",
        "params": "",
        "aliases": [],
        "category": "Utility"
    },
    {
        "name": "roles",
        "description": "utility",
        "usage": "No usage",
        "params": "",
        "aliases": [],
        "category": "Utility"
    },
    {
        "name": "bots",
        "description": "utility",
        "usage": "No usage",
        "params": "",
        "aliases": [],
        "category": "Utility"
    },
    {
        "name": "inviteinfo",
        "description": "utility",
        "usage": "[invite code]",
        "params": "[invite code]",
        "aliases": [
            "ii"
        ],
        "category": "Utility"
    },
    {
        "name": "weather",
        "description": "utility",
        "usage": "[country]",
        "params": "[country]",
        "aliases": [],
        "category": "Utility"
    },
    {
        "name": "userinfo",
        "description": "utility",
        "usage": "<user>",
        "params": "<user>",
        "aliases": [
            "whois",
            "ui",
            "user"
        ],
        "category": "Utility"
    },
    {
        "name": "serverbanner",
        "description": "utility",
        "usage": "No usage",
        "params": "",
        "aliases": [
            "guildbanner"
        ],
        "category": "Utility"
    },
    {
        "name": "servericon",
        "description": "utility",
        "usage": "No usage",
        "params": "",
        "aliases": [
            "guildicon",
            "guildavatar",
            "serveravatar"
        ],
        "category": "Utility"
    },
    {
        "name": "serversplash",
        "description": "utility",
        "usage": "No usage",
        "params": "",
        "aliases": [
            "guildsplash"
        ],
        "category": "Utility"
    },
    {
        "name": "serverinfo",
        "description": "utility",
        "usage": "No usage",
        "params": "",
        "aliases": [
            "si"
        ],
        "category": "Utility"
    },
    {
        "name": "server",
        "description": "No description",
        "usage": "No usage",
        "params": "",
        "aliases": [
            "guild"
        ],
        "category": "Utility"
    },
    {
        "name": "splash",
        "description": "utility",
        "usage": "[invite code]",
        "params": "[invite code]",
        "aliases": [],
        "category": "Utility"
    },
    {
        "name": "invites",
        "description": "utility",
        "usage": "<user>",
        "params": "<user>",
        "aliases": [],
        "category": "Utility"
    },
    {
        "name": "donators",
        "description": "utility",
        "usage": "No usage",
        "params": "",
        "aliases": [
            "donors"
        ],
        "category": "Utility"
    },
    {
        "name": "texttospeech",
        "description": "utility",
        "usage": "[message]",
        "params": "[message]",
        "aliases": [
            "tts",
            "speech"
        ],
        "category": "Utility"
    },
    {
        "name": "getbotinvite",
        "description": "utility",
        "usage": "[bot id]",
        "params": "[bot id]",
        "aliases": [],
        "category": "Utility"
    },
    {
        "name": "sbanner",
        "description": "utility",
        "usage": "[invite code]",
        "params": "[invite code]",
        "aliases": [],
        "category": "Utility"
    },
    {
        "name": "sicon",
        "description": "utility",
        "usage": "[invite code]",
        "params": "[invite code]",
        "aliases": [],
        "category": "Utility"
    },
    {
        "name": "github",
        "description": "utility",
        "usage": "[user]",
        "params": "[user]",
        "aliases": [
            "gh"
        ],
        "category": "Utility"
    },
    {
        "name": "translate",
        "description": "utility",
        "usage": "[language] [message]",
        "params": "[language] [message]",
        "aliases": [
            "tr"
        ],
        "category": "Utility"
    },
    {
        "name": "firstmessage",
        "description": "utility",
        "usage": "<channel>",
        "params": "<channel>",
        "aliases": [
            "firstmsg"
        ],
        "category": "Utility"
    },
    {
        "name": "birthday",
        "description": "utility",
        "usage": "No usage",
        "params": "[member]",
        "aliases": [
            "bday"
        ],
        "category": "Utility"
    },
    {
        "name": "timezone",
        "description": "utility",
        "usage": "No usage",
        "params": "[member]",
        "aliases": [
            "tz"
        ],
        "category": "Utility"
    },
    {
        "name": "reminder",
        "description": "No description",
        "usage": "No usage",
        "params": "",
        "aliases": [],
        "category": "Utility"
    },
    {
        "name": "remind",
        "description": "utility",
        "usage": "[time] [reminder]",
        "params": "[time] [reminder]",
        "aliases": [
            "remindme"
        ],
        "category": "Utility"
    },
    {
        "name": "gm",
        "description": "fun",
        "usage": "No usage",
        "params": "",
        "aliases": [
            "goodmorning"
        ],
        "category": "fun"
    },
    {
        "name": "gn",
        "description": "fun",
        "usage": "No usage",
        "params": "",
        "aliases": [],
        "category": "fun"
    },
    {
        "name": "choose",
        "description": "No description",
        "usage": "[choices separated by a comma]\nexample ;choose apple, pear, carrot",
        "params": "[choices separated by a comma]\nexample ;choose apple, pear, carrot",
        "aliases": [],
        "category": "fun"
    },
    {
        "name": "quickpoll",
        "description": "fun",
        "usage": "No usage",
        "params": "<question>",
        "aliases": [],
        "category": "fun"
    },
    {
        "name": "no",
        "description": "fun",
        "usage": "No usage",
        "params": "",
        "aliases": [],
        "category": "fun"
    },
    {
        "name": "yes",
        "description": "fun",
        "usage": "No usage",
        "params": "",
        "aliases": [],
        "category": "fun"
    },
    {
        "name": "coinflip",
        "description": "fun",
        "usage": "No usage",
        "params": "",
        "aliases": [],
        "category": "fun"
    },
    {
        "name": "rockpaperscisssors",
        "description": "fun",
        "usage": "No usage",
        "params": "",
        "aliases": [
            "rps"
        ],
        "category": "fun"
    },
    {
        "name": "esex",
        "description": "fun",
        "usage": "No usage",
        "params": "",
        "aliases": [],
        "category": "fun"
    },
    {
        "name": "track",
        "description": "fun",
        "usage": "No usage",
        "params": "",
        "aliases": [],
        "category": "fun"
    },
    {
        "name": "clock",
        "description": "No description",
        "usage": "No usage",
        "params": "",
        "aliases": [],
        "category": "fun"
    },
    {
        "name": "banner",
        "description": "utility",
        "usage": "<user>",
        "params": "<user>",
        "aliases": [],
        "category": "fun"
    },
    {
        "name": "howretarded",
        "description": "fun",
        "usage": "<member>",
        "params": "<member>",
        "aliases": [],
        "category": "fun"
    },
    {
        "name": "howgay",
        "description": "fun",
        "usage": "<member>",
        "params": "<member>",
        "aliases": [],
        "category": "fun"
    },
    {
        "name": "howcool",
        "description": "fun",
        "usage": "<member>",
        "params": "<member>",
        "aliases": [],
        "category": "fun"
    },
    {
        "name": "iq",
        "description": "fun",
        "usage": "<member>",
        "params": "<member>",
        "aliases": [],
        "category": "fun"
    },
    {
        "name": "hot",
        "description": "fun",
        "usage": "<member>",
        "params": "<member>",
        "aliases": [],
        "category": "fun"
    },
    {
        "name": "pp",
        "description": "No description",
        "usage": "No usage",
        "params": "[member=<you>]",
        "aliases": [],
        "category": "fun"
    },
    {
        "name": "bitches",
        "description": "fun",
        "usage": "<member>",
        "params": "<member>",
        "aliases": [],
        "category": "fun"
    },
    {
        "name": "urban",
        "description": "fun",
        "usage": "[word]",
        "params": "[word]",
        "aliases": [],
        "category": "fun"
    },
    {
        "name": "bird",
        "description": "fun",
        "usage": "No usage",
        "params": "",
        "aliases": [],
        "category": "fun"
    },
    {
        "name": "dog",
        "description": "fun",
        "usage": "No usage",
        "params": "",
        "aliases": [],
        "category": "fun"
    },
    {
        "name": "cat",
        "description": "fun",
        "usage": "No usage",
        "params": "",
        "aliases": [],
        "category": "fun"
    },
    {
        "name": "capybara",
        "description": "fun",
        "usage": "No usage",
        "params": "",
        "aliases": [],
        "category": "fun"
    },
    {
        "name": "uselessfact",
        "description": "fun",
        "usage": "No usage",
        "params": "",
        "aliases": [
            "fact",
            "uf"
        ],
        "category": "fun"
    },
    {
        "name": "ben",
        "description": "fun",
        "usage": "[question]",
        "params": "[question]",
        "aliases": [],
        "category": "fun"
    },
    {
        "name": "ship",
        "description": "fun",
        "usage": "[member]",
        "params": "[member]",
        "aliases": [],
        "category": "fun"
    },
    {
        "name": "say",
        "description": "fun",
        "usage": "[message]",
        "params": "[message]",
        "aliases": [],
        "category": "fun"
    },
    {
        "name": "advice",
        "description": "fun",
        "usage": "No usage",
        "params": "",
        "aliases": [],
        "category": "fun"
    },
    {
        "name": "pack",
        "description": "fun",
        "usage": "[user]",
        "params": "[user]",
        "aliases": [],
        "category": "fun"
    },
    {
        "name": "tictactoe",
        "description": "fun",
        "usage": "[member]",
        "params": "[member]",
        "aliases": [
            "ttt"
        ],
        "category": "fun"
    },
    {
        "name": "blacktea",
        "description": "fun",
        "usage": "No usage",
        "params": "",
        "aliases": [],
        "category": "fun"
    },
    {
        "name": "typerace",
        "description": "fun",
        "usage": "No usage",
        "params": "",
        "aliases": [],
        "category": "fun"
    },
    {
        "name": "bible",
        "description": "fun",
        "usage": "No usage",
        "params": "",
        "aliases": [],
        "category": "fun"
    },
    {
        "name": "8ball",
        "description": "fun",
        "usage": "[question]",
        "params": "[question]",
        "aliases": [],
        "category": "fun"
    },
    {
        "name": "tweet",
        "description": "fun",
        "usage": "[messsage]",
        "params": "[messsage]",
        "aliases": [],
        "category": "fun"
    },
    {
        "name": "comment",
        "description": "fun",
        "usage": "[messsage]",
        "params": "[messsage]",
        "aliases": [],
        "category": "fun"
    },
    {
        "name": "antinuke",
        "description": "No description",
        "usage": "No usage",
        "params": "",
        "aliases": [
            "an"
        ],
        "category": "antinuke",
        "permissions": "owner"
    },
    {
        "name": "chatfilter",
        "description": "No description",
        "usage": "No usage",
        "params": "",
        "aliases": [
            "cf"
        ],
        "category": "automod",
        "permissions": "manage_server"
    },
    {
        "name": "antispam",
        "description": "No description",
        "usage": "No usage",
        "params": "",
        "aliases": [],
        "category": "automod",
        "permissions": "manage_server"
    },
    {
        "name": "anti-invite",
        "description": "No description",
        "usage": "No usage",
        "params": "",
        "aliases": [
            "antilink",
            "anti-link"
        ],
        "category": "automod",
        "permissions": "manage_server"
    },
    {
        "name": "voice",
        "description": "No description",
        "usage": "No usage",
        "params": "",
        "aliases": [
            "vc"
        ],
        "category": "voicemaster"
    },
    {
        "name": "interface",
        "description": "config",
        "usage": "No usage",
        "params": "",
        "aliases": [],
        "category": "voicemaster"
    },
    {
        "name": "voicemaster",
        "description": "No description",
        "usage": "No usage",
        "params": "",
        "aliases": [
            "vm",
            "jtc"
        ],
        "category": "voicemaster"
    },
    {
        "name": "joint",
        "description": "roleplay",
        "usage": "No usage",
        "params": "",
        "aliases": [],
        "category": "roleplay"
    },
    {
        "name": "cuddle",
        "description": "Roleplay",
        "usage": "[member]",
        "params": "[member]",
        "aliases": [],
        "category": "roleplay"
    },
    {
        "name": "kiss",
        "description": "Roleplay",
        "usage": "[member]",
        "params": "[member]",
        "aliases": [],
        "category": "roleplay"
    },
    {
        "name": "lick",
        "description": "roleplay",
        "usage": "No usage",
        "params": "<member>",
        "aliases": [],
        "category": "roleplay"
    },
    {
        "name": "blowjob",
        "description": "roleplay",
        "usage": "No usage",
        "params": "<member>",
        "aliases": [],
        "category": "roleplay"
    },
    {
        "name": "anal",
        "description": "roleplay",
        "usage": "No usage",
        "params": "<member>",
        "aliases": [],
        "category": "roleplay"
    },
    {
        "name": "cum",
        "description": "roleplay",
        "usage": "No usage",
        "params": "<member>",
        "aliases": [],
        "category": "roleplay"
    },
    {
        "name": "hug",
        "description": "Roleplay",
        "usage": "[member]",
        "params": "[member]",
        "aliases": [],
        "category": "roleplay"
    },
    {
        "name": "pat",
        "description": "Roleplay",
        "usage": "[member]",
        "params": "[member]",
        "aliases": [],
        "category": "roleplay"
    },
    {
        "name": "slap",
        "description": "Roleplay",
        "usage": "[member]",
        "params": "[member]",
        "aliases": [],
        "category": "roleplay"
    },
    {
        "name": "laugh",
        "description": "Roleplay",
        "usage": "No usage",
        "params": "",
        "aliases": [],
        "category": "roleplay"
    },
    {
        "name": "cry",
        "description": "Roleplay",
        "usage": "No usage",
        "params": "",
        "aliases": [],
        "category": "roleplay"
    },
    {
        "name": "marry",
        "description": "roleplay",
        "usage": "[user]",
        "params": "[user]",
        "aliases": [],
        "category": "roleplay"
    },
    {
        "name": "marriage",
        "description": "roleplay",
        "usage": "<member>",
        "params": "<member>",
        "aliases": [],
        "category": "roleplay"
    },
    {
        "name": "divorce",
        "description": "roleplay",
        "usage": "No usage",
        "params": "",
        "aliases": [],
        "category": "roleplay"
    },
    {
        "name": "diary",
        "description": "No description",
        "usage": "No usage",
        "params": "",
        "aliases": [],
        "category": "roleplay"
    },
    {
        "name": "lastfm",
        "description": "No description",
        "usage": "No usage",
        "params": "",
        "aliases": [
            "lf"
        ],
        "category": "lastfm"
    },
    {
        "name": "globalwhoknows",
        "description": "lastfm",
        "usage": "[artist]",
        "params": "[artist]",
        "aliases": [
            "gwk"
        ],
        "category": "lastfm"
    },
    {
        "name": "whoknows",
        "description": "lastfm",
        "usage": "[artist]",
        "params": "[artist]",
        "aliases": [
            "wk"
        ],
        "category": "lastfm"
    },
    {
        "name": "topalbums",
        "description": "lastfm",
        "usage": "<member>",
        "params": "<member>",
        "aliases": [
            "tal"
        ],
        "category": "lastfm"
    },
    {
        "name": "toptracks",
        "description": "lastfm",
        "usage": "<member>",
        "params": "<member>",
        "aliases": [
            "tt"
        ],
        "category": "lastfm"
    },
    {
        "name": "topartists",
        "description": "lastfm",
        "usage": "<member>",
        "params": "<member>",
        "aliases": [
            "ta",
            "tar"
        ],
        "category": "lastfm"
    },
    {
        "name": "nowplaying",
        "description": "lastfm",
        "usage": "<user>",
        "params": "<user>",
        "aliases": [
            "np",
            "fm"
        ],
        "category": "lastfm"
    },
    {
        "name": "autoresponder",
        "description": "No description",
        "usage": "No usage",
        "params": "",
        "aliases": [
            "ar"
        ],
        "category": "Chat",
        "permissions": "manage_server"
    },
    {
        "name": "autoreact",
        "description": "No description",
        "usage": "No usage",
        "params": "",
        "aliases": [],
        "category": "Chat",
        "permissions": "manage_server"
    },
    {
        "name": "createembed",
        "description": "config",
        "usage": "[code]",
        "params": "[code]",
        "aliases": [
            "ce"
        ],
        "category": "config",
        "permissions": "manage_server"
    },
    {
        "name": "embed",
        "description": "No description",
        "usage": "No usage",
        "params": "",
        "aliases": [],
        "category": "config"
    },
    {
        "name": "autopfp",
        "description": "No description",
        "usage": "No usage",
        "params": "",
        "aliases": [],
        "category": "config",
        "permissions": "manage_server"
    },
    {
        "name": "mediaonly",
        "description": "No description",
        "usage": "No usage",
        "params": "",
        "aliases": [],
        "category": "config",
        "permissions": "manage_server"
    },
    {
        "name": "pingonjoin",
        "description": "No description",
        "usage": "No usage",
        "params": "",
        "aliases": [
            "poj"
        ],
        "category": "config",
        "permissions": "manage_server"
    },
    {
        "name": "starboard",
        "description": "No description",
        "usage": "No usage",
        "params": "",
        "aliases": [],
        "category": "config",
        "permissions": "manage_server"
    },
    {
        "name": "autorole",
        "description": "No description",
        "usage": "No usage",
        "params": "",
        "aliases": [],
        "category": "config",
        "permissions": "manage_server"
    },
    {
        "name": "dm",
        "description": "config",
        "usage": "No usage",
        "params": "",
        "aliases": [],
        "category": "config",
        "permissions": "manage_server"
    },
    {
        "name": "invoke",
        "description": "config",
        "usage": "No usage",
        "params": "",
        "aliases": [],
        "category": "config",
        "permissions": "manage_server"
    },
    {
        "name": "bumpreminder",
        "description": "No description",
        "usage": "No usage",
        "params": "",
        "aliases": [],
        "category": "config",
        "permissions": "manage_server"
    },
    {
        "name": "disablecommand",
        "description": "config",
        "usage": "[command name]",
        "params": "[command name]",
        "aliases": [
            "disablecmd"
        ],
        "category": "config",
        "permissions": "manage_server"
    },
    {
        "name": "enablecommand",
        "description": "enable a command that was previously disabled in this server",
        "usage": "[command name]",
        "params": "[command name]",
        "aliases": [
            "enablecmd"
        ],
        "category": "config",
        "permissions": "manage_server"
    },
    {
        "name": "confessions",
        "description": "No description",
        "usage": "No usage",
        "params": "",
        "aliases": [],
        "category": "config",
        "permissions": "manage_server"
    },
    {
        "name": "prefix",
        "description": "config",
        "usage": "[prefix]",
        "params": "[prefix]",
        "aliases": [],
        "category": "config",
        "permissions": "manage_server"
    },
    {
        "name": "selfprefix",
        "description": "config",
        "usage": "[prefix]",
        "params": "[prefix]",
        "aliases": [],
        "category": "config"
    },
    {
        "name": "fakepermissions",
        "description": "No description",
        "usage": "No usage",
        "params": "",
        "aliases": [
            "fakeperms"
        ],
        "category": "config",
        "permissions": "manage_server"
    },
    {
        "name": "react",
        "description": "config",
        "usage": "[message id / message link] [emoji]",
        "params": "[message id / message link] [emoji]",
        "aliases": [],
        "category": "config",
        "permissions": "manage_server"
    },
    {
        "name": "counter",
        "description": "config",
        "usage": "No usage",
        "params": "",
        "aliases": [],
        "category": "config",
        "permissions": "manage_server"
    },
    {
        "name": "boost",
        "description": "No description",
        "usage": "No usage",
        "params": "",
        "aliases": [],
        "category": "Greet",
        "permissions": "manage_server"
    },
    {
        "name": "leave",
        "description": "No description",
        "usage": "No usage",
        "params": "",
        "aliases": [],
        "category": "Greet",
        "permissions": "manage_server"
    },
    {
        "name": "welcome",
        "description": "No description",
        "usage": "No usage",
        "params": "",
        "aliases": [
            "welc"
        ],
        "category": "Greet",
        "permissions": "manage_server"
    },
    {
        "name": "boosterrole",
        "description": "No description",
        "usage": "No usage",
        "params": "",
        "aliases": [
            "br"
        ],
        "category": "Boosters",
        "permissions": "manage_server"
    },
    {
        "name": "embedsetup",
        "description": "config",
        "usage": "No usage",
        "params": "",
        "aliases": [],
        "category": "EmbedCommands"
    },
    {
        "name": "embedcode",
        "description": "Get the embed code from a message link",
        "usage": "No usage",
        "params": "<message_link>",
        "aliases": [],
        "category": "EmbedCommands"
    },
    {
        "name": "uwulock",
        "description": "donor",
        "usage": "[member]",
        "params": "[member]",
        "aliases": [],
        "category": "Premium",
        "permissions": "manage_server"
    },
    {
        "name": "perks",
        "description": "donor",
        "usage": "No usage",
        "params": "",
        "aliases": [],
        "category": "Premium"
    },
    {
        "name": "deleteemoji",
        "description": "emoji",
        "usage": "[emoji]",
        "params": "[emoji]",
        "aliases": [
            "delemoji"
        ],
        "category": "emoji",
        "permissions": "manage_emojis"
    },
    {
        "name": "addemoji",
        "description": "emoji",
        "usage": "[emoji] <name>",
        "params": "[emoji] <name>",
        "aliases": [
            "steal"
        ],
        "category": "emoji",
        "permissions": "manage_emojis"
    },
    {
        "name": "addmultiple",
        "description": "emoji",
        "usage": "[emojis]",
        "params": "[emojis]",
        "aliases": [
            "am"
        ],
        "category": "emoji",
        "permissions": "manage_emojis"
    },
    {
        "name": "sticker",
        "description": "emoji",
        "usage": "No usage",
        "params": "",
        "aliases": [],
        "category": "emoji",
        "permissions": "manage_emojis"
    },
    {
        "name": "stealsticker",
        "description": "emoji",
        "usage": "[attach sticker]",
        "params": "[attach sticker]",
        "aliases": [
            "stickersteal",
            "addsticker",
            "stickeradd"
        ],
        "category": "emoji",
        "permissions": "manage_emojis"
    },
    {
        "name": "emojilist",
        "description": "emoji",
        "usage": "No usage",
        "params": "",
        "aliases": [
            "emojis"
        ],
        "category": "emoji"
    },
    {
        "name": "enlarge",
        "description": "emoji",
        "usage": "[emoji]",
        "params": "[emoji]",
        "aliases": [
            "downloademoji",
            "e",
            "jumbo"
        ],
        "category": "emoji"
    },
    {
        "name": "emojiinfo",
        "description": "emoji",
        "usage": "[emoji]",
        "params": "[emoji]",
        "aliases": [
            "ei"
        ],
        "category": "emoji"
    }
]